{"cameraMode":{"drawMode":0,"name":"Shaded","section":"Shading Mode"},"sceneLighting":false,"audioPlay":false,"sceneViewState":{"showFog":true,"showMaterialUpdate":false,"showSkybox":false,"showFlares":true,"showImageEffects":true,"showParticleSystems":true},"in2DMode":false,"pivot":{"x":0.0,"y":1.2747801542282105,"z":-0.10261814296245575},"rotation":{"x":-0.13696780800819398,"y":0.6420450806617737,"z":-0.11803397536277771,"w":-0.7450409531593323},"size":2.460308790206909,"orthographic":false}